sentiment,ECE
-1,0.1295482849188405
0,0.11142922273976325
1,0.14372767203580655
