Sentiment_Label,Sentiment_Name,Reddit_F1,Twitter_F1,F1_Drop,Missed_Rate,Clinical
0,Neutral,0.7512437810945274,0.671634839310666,0.07960894178386135,0.10596951853348431,False
1,Positive,0.73,0.6561822125813449,0.07381778741865508,0.10112025673788368,False
-1,Negative,0.678391959798995,0.6311597809855649,0.047232178813430115,0.0696237302509081,True
