sentiment,reddit_type_token_ratio,reddit_avg_word_length,reddit_exclamation_dens,reddit_question_dens,reddit_emoji_count,reddit_positive_ratio,reddit_negative_ratio,reddit_sentiment_polarity,reddit_first_person_dens,reddit_sentence_count,twitter_type_token_ratio,twitter_avg_word_length,twitter_exclamation_dens,twitter_question_dens,twitter_emoji_count,twitter_positive_ratio,twitter_negative_ratio,twitter_sentiment_polarity,twitter_first_person_dens,twitter_sentence_count,diff_type_token_ratio,diff_avg_word_length,diff_exclamation_dens,diff_question_dens,diff_emoji_count,diff_positive_ratio,diff_negative_ratio,diff_sentiment_polarity,diff_first_person_dens,diff_sentence_count
-1,0.8985911575211915,5.079464541122316,0.0,0.0,0.0,0.09197799999999999,0.191458,-0.22253495148202293,0.0001760489059020386,1.0,0.9237741480105014,5.241266003083654,0.0,0.0,0.0,0.098663,0.163352,-0.2283210358797948,0.0,1.0,-0.025182990489309942,-0.16180146196133816,0.0,0.0,0.0,-0.00668500000000001,0.028105999999999992,0.005786084397771868,0.0001760489059020386,0.0
0,0.9466362589319306,5.295927554249805,0.0,0.0,0.0,0.080711,0.061155,0.0,0.0,1.0,0.9519976268288913,5.1688806237590725,0.0,0.0,0.0,0.08885,0.068698,-1.8503717077085942e-20,0.0,1.0,-0.005361367896960734,0.12704693049073246,0.0,0.0,0.0,-0.008138999999999993,-0.007542999999999994,1.8503717077085942e-20,0.0,0.0
1,0.881949149160846,5.110604519234276,0.0,0.0,0.0,0.212269,0.072404,0.27102250019357693,6.823534351342273e-05,1.0,0.9301720912372585,5.218905656215515,0.0,0.0,0.0,0.198377,0.067517,0.2938690615773116,0.0,1.0,-0.048222942076412534,-0.10830113698123878,0.0,0.0,0.0,0.013892000000000015,0.0048870000000000025,-0.022846561383734643,6.823534351342273e-05,0.0
