Model,Acc,F1
Baseline LR,0.6333333333333333,0.6332144729806003
CORAL LR,0.5943333333333334,0.5864586651858549
