sentiment,platform,precision,recall,f1-score
1,Reddit,0.73,0.73,0.73
1,Twitter,0.716824644549763,0.605,0.6561822125813449
-1,Reddit,0.6818181818181818,0.675,0.678391959798995
-1,Twitter,0.6283448959365708,0.634,0.6311597809855649
0,Reddit,0.7475247524752475,0.755,0.7512437810945274
0,Twitter,0.6285963382737576,0.721,0.671634839310666
